"Status","Start Time","Stop Time","Duration in ms","Parent Suite","Suite","Sub Suite","Test Class","Test Method","Name","Description"
"passed","Mon May 01 14:45:52 EDT 2023","Mon May 01 14:45:53 EDT 2023","512","chromium","","Landing Page validation","","","Validate expected link text Horizontal Slider on the landing page by md zaman",""
"passed","Mon May 01 14:45:51 EDT 2023","Mon May 01 14:45:52 EDT 2023","478","chromium","","Landing Page validation","","","Validate expected link text Frames on the landing page by md zaman",""
"passed","Mon May 01 14:45:42 EDT 2023","Mon May 01 14:45:42 EDT 2023","584","chromium","","Landing Page validation","","","Validate expected link text Dynamic Controls on the landing page by md zaman",""
"passed","Mon May 01 14:46:02 EDT 2023","Mon May 01 14:46:02 EDT 2023","534","chromium","","Landing Page validation","","","Validate expected link text Typos on the landing page by md zaman",""
"passed","Mon May 01 14:45:59 EDT 2023","Mon May 01 14:46:00 EDT 2023","592","chromium","","Landing Page validation","","","Validate expected link text Shadow DOM on the landing page by md zaman",""
"passed","Mon May 01 14:45:43 EDT 2023","Mon May 01 14:45:44 EDT 2023","463","chromium","","Landing Page validation","","","Validate expected link text Exit Intent on the landing page by md zaman",""
"passed","Mon May 01 14:45:59 EDT 2023","Mon May 01 14:45:59 EDT 2023","516","chromium","","Landing Page validation","","","Validate expected link text Secure File Download on the landing page by md zaman",""
"passed","Mon May 01 14:45:41 EDT 2023","Mon May 01 14:45:42 EDT 2023","476","chromium","","Landing Page validation","","","Validate expected link text Dynamic Content on the landing page by md zaman",""
"passed","Mon May 01 14:45:19 EDT 2023","Mon May 01 14:45:25 EDT 2023","5519","chromium","","Landing Page validation","","","Validate expected link text Basic Auth on the landing page by md zaman",""
"passed","Mon May 01 14:46:04 EDT 2023","Mon May 01 14:46:04 EDT 2023","572","chromium","","Landing Page validation","","","Validate, links count on the landding page ",""
"passed","Mon May 01 14:45:39 EDT 2023","Mon May 01 14:45:40 EDT 2023","1244","chromium","","Landing Page validation","","","Validate expected link text Disappearing Elements on the landing page by md zaman",""
"passed","Mon May 01 14:45:32 EDT 2023","Mon May 01 14:45:32 EDT 2023","519","chromium","","Landing Page validation","","","Validate expected link text Context Menu on the landing page by md zaman",""
"passed","Mon May 01 14:45:58 EDT 2023","Mon May 01 14:45:59 EDT 2023","465","chromium","","Landing Page validation","","","Validate expected link text Redirect Link on the landing page by md zaman",""
"passed","Mon May 01 14:45:58 EDT 2023","Mon May 01 14:45:58 EDT 2023","481","chromium","","Landing Page validation","","","Validate expected link text Notification Messages on the landing page by md zaman",""
"passed","Mon May 01 14:45:51 EDT 2023","Mon May 01 14:45:51 EDT 2023","566","chromium","","Landing Page validation","","","Validate expected link text Form Authentication on the landing page by md zaman",""
"passed","Mon May 01 14:45:19 EDT 2023","Mon May 01 14:45:19 EDT 2023","506","chromium","","Landing Page validation","","","Validate expected link text Add/Remove Elements on the landing page by md zaman",""
"passed","Mon May 01 14:45:44 EDT 2023","Mon May 01 14:45:50 EDT 2023","5495","chromium","","Landing Page validation","","","Validate expected link text File Upload on the landing page by md zaman",""
"passed","Mon May 01 14:45:42 EDT 2023","Mon May 01 14:45:43 EDT 2023","458","chromium","","Landing Page validation","","","Validate expected link text Dynamic Loading on the landing page by md zaman",""
"passed","Mon May 01 14:45:41 EDT 2023","Mon May 01 14:45:41 EDT 2023","548","chromium","","Landing Page validation","","","Validate expected link text Dropdown on the landing page by md zaman",""
"passed","Mon May 01 14:45:57 EDT 2023","Mon May 01 14:45:58 EDT 2023","515","chromium","","Landing Page validation","","","Validate expected link text Nested Frames on the landing page by md zaman",""
"passed","Mon May 01 14:45:25 EDT 2023","Mon May 01 14:45:31 EDT 2023","5688","chromium","","Landing Page validation","","","Validate expected link text Challenging DOM on the landing page by md zaman",""
"passed","Mon May 01 14:45:53 EDT 2023","Mon May 01 14:45:54 EDT 2023","517","chromium","","Landing Page validation","","","Validate expected link text Infinite Scroll on the landing page by md zaman",""
"passed","Mon May 01 14:45:50 EDT 2023","Mon May 01 14:45:51 EDT 2023","460","chromium","","Landing Page validation","","","Validate expected link text Forgot Password on the landing page by md zaman",""
"passed","Mon May 01 14:46:02 EDT 2023","Mon May 01 14:46:03 EDT 2023","478","chromium","","Landing Page validation","","","Validate expected link text WYSIWYG Editor on the landing page by md zaman",""
"passed","Mon May 01 14:45:55 EDT 2023","Mon May 01 14:45:55 EDT 2023","456","chromium","","Landing Page validation","","","Validate expected link text JavaScript Alerts on the landing page by md zaman",""
"passed","Mon May 01 14:46:00 EDT 2023","Mon May 01 14:46:01 EDT 2023","472","chromium","","Landing Page validation","","","Validate expected link text Slow Resources on the landing page by md zaman",""
"passed","Mon May 01 14:45:43 EDT 2023","Mon May 01 14:45:43 EDT 2023","482","chromium","","Landing Page validation","","","Validate expected link text Entry Ad on the landing page by md zaman",""
"failed","Mon May 01 14:45:32 EDT 2023","Mon May 01 14:45:38 EDT 2023","5424","chromium","","Landing Page validation","","","Validate expected link text Digest Authentication on the landing page by md zaman",""
"passed","Mon May 01 14:46:00 EDT 2023","Mon May 01 14:46:00 EDT 2023","476","chromium","","Landing Page validation","","","Validate expected link text Shifting Content on the landing page by md zaman",""
"passed","Mon May 01 14:45:52 EDT 2023","Mon May 01 14:45:52 EDT 2023","485","chromium","","Landing Page validation","","","Validate expected link text Geolocation on the landing page by md zaman",""
"passed","Mon May 01 14:45:56 EDT 2023","Mon May 01 14:45:56 EDT 2023","475","chromium","","Landing Page validation","","","Validate expected link text Key Presses on the landing page by md zaman",""
"passed","Mon May 01 14:45:54 EDT 2023","Mon May 01 14:45:55 EDT 2023","464","chromium","","Landing Page validation","","","Validate expected link text JQuery UI Menus on the landing page by md zaman",""
"passed","Mon May 01 14:45:56 EDT 2023","Mon May 01 14:45:57 EDT 2023","514","chromium","","Landing Page validation","","","Validate expected link text Large & Deep DOM on the landing page by md zaman",""
"passed","Mon May 01 14:46:01 EDT 2023","Mon May 01 14:46:01 EDT 2023","560","chromium","","Landing Page validation","","","Validate expected link text Sortable Data Tables on the landing page by md zaman",""
"passed","Mon May 01 14:45:44 EDT 2023","Mon May 01 14:45:44 EDT 2023","491","chromium","","Landing Page validation","","","Validate expected link text File Download on the landing page by md zaman",""
"passed","Mon May 01 14:45:25 EDT 2023","Mon May 01 14:45:25 EDT 2023","462","chromium","","Landing Page validation","","","Validate expected link text Broken Images on the landing page by md zaman",""
"passed","Mon May 01 14:45:12 EDT 2023","Mon May 01 14:45:19 EDT 2023","6693","chromium","","Landing Page validation","","","Validate expected link text A/B Testing on the landing page by md zaman",""
"passed","Mon May 01 14:46:01 EDT 2023","Mon May 01 14:46:02 EDT 2023","465","chromium","","Landing Page validation","","","Validate expected link text Status Codes on the landing page by md zaman",""
"passed","Mon May 01 14:46:03 EDT 2023","Mon May 01 14:46:04 EDT 2023","813","chromium","","Landing Page validation","","","get link text on the landing page",""
"passed","Mon May 01 14:45:57 EDT 2023","Mon May 01 14:45:57 EDT 2023","627","chromium","","Landing Page validation","","","Validate expected link text Multiple Windows on the landing page by md zaman",""
"passed","Mon May 01 14:45:31 EDT 2023","Mon May 01 14:45:32 EDT 2023","673","chromium","","Landing Page validation","","","Validate expected link text Checkboxes on the landing page by md zaman",""
"passed","Mon May 01 14:45:53 EDT 2023","Mon May 01 14:45:53 EDT 2023","465","chromium","","Landing Page validation","","","Validate expected link text Hovers on the landing page by md zaman",""
"passed","Mon May 01 14:45:55 EDT 2023","Mon May 01 14:45:56 EDT 2023","510","chromium","","Landing Page validation","","","Validate expected link text JavaScript onload event error on the landing page by md zaman",""
"passed","Mon May 01 14:45:50 EDT 2023","Mon May 01 14:45:50 EDT 2023","479","chromium","","Landing Page validation","","","Validate expected link text Floating Menu on the landing page by md zaman",""
"passed","Mon May 01 14:45:54 EDT 2023","Mon May 01 14:45:54 EDT 2023","470","chromium","","Landing Page validation","","","Validate expected link text Inputs on the landing page by md zaman",""
"passed","Mon May 01 14:45:40 EDT 2023","Mon May 01 14:45:41 EDT 2023","468","chromium","","Landing Page validation","","","Validate expected link text Drag and Drop on the landing page by md zaman",""
